{"cameraMode":{"drawMode":0,"name":"Shaded","section":"Shading Mode"},"sceneLighting":true,"audioPlay":false,"sceneViewState":{"m_AlwaysRefresh":false,"showFog":true,"showSkybox":true,"showFlares":true,"showImageEffects":true,"showParticleSystems":true,"showVisualEffectGraphs":true,"m_FxEnabled":true},"in2DMode":false,"pivot":{"x":-3.8012585639953615,"y":-4.340052604675293,"z":16.0726375579834},"rotation":{"x":-0.0070351846516132359,"y":0.9932958483695984,"z":-0.08850615471601486,"w":-0.08696619421243668},"size":1.1681475639343262,"orthographic":false}